solar_elevation_deg,ambient_temp_c,canopy_coverage_pct,asphalt_ratio,canyon_aspect_ratio,wind_speed_ms,tree_lai,heat_island_delta_c,thermal_comfort_index
15.0,26.0,85.0,0.15,0.4,1.8,4.8,-4.2,0.1
45.0,31.0,12.0,0.85,1.8,0.8,0.5,5.8,2.7
60.0,33.0,5.0,0.95,0.3,0.5,0.2,7.4,3.2
55.0,32.0,78.0,0.25,0.6,2.1,4.2,-3.8,0.4
30.0,28.0,62.0,0.40,0.8,1.4,3.1,-2.1,0.8
70.0,35.0,88.0,0.10,0.5,1.9,5.2,-5.1,0.5
65.0,34.0,22.0,0.80,1.2,0.9,1.1,4.5,2.4
25.0,27.0,90.0,0.10,0.4,2.2,5.5,-4.6,0.2
50.0,30.0,45.0,0.55,0.9,1.5,2.4,0.3,1.2
40.0,29.0,70.0,0.30,0.7,1.8,3.8,-2.9,0.6
75.0,36.0,0.0,1.00,0.2,0.4,0.0,8.2,3.5
35.0,28.5,80.0,0.20,0.5,1.7,4.5,-3.9,0.3
55.0,32.5,35.0,0.65,1.4,1.1,1.8,2.1,1.8
60.0,33.5,92.0,0.08,0.6,2.0,5.6,-5.4,0.4
20.0,25.5,55.0,0.45,0.7,1.6,2.9,-1.4,0.7
48.0,30.5,18.0,0.82,1.6,0.7,0.9,5.1,2.5
52.0,31.5,65.0,0.35,0.8,1.6,3.5,-2.4,0.9
68.0,34.5,82.0,0.18,0.5,1.8,4.7,-4.4,0.6
38.0,29.0,28.0,0.72,1.1,1.2,1.4,3.2,2.0
42.0,29.8,75.0,0.22,0.6,1.9,4.0,-3.3,0.5
